<?xml version="1.0" encoding="UTF-8"?>
<folder exportedWithPermissions="true">
    <parent>/organizations/organization_1</parent>
    <name>datasources</name>
    <label>Data Sources</label>
    <description>Data Sources used by reports</description>
    <creationDate>2018-03-21T16:09:50.260-07:00</creationDate>
    <updateDate>2018-03-20T18:03:24.160-07:00</updateDate>
    <permission>
        <permissionMask>32</permissionMask>
        <recipient recipientType="role">ROLE_USER</recipient>
    </permission>
</folder>
