<?xml version="1.0" encoding="UTF-8"?>
<reportUnit exportedWithPermissions="true">
    <folder>/public/viz/Hyperlinks/ReportExecutionType/targets/SelfLinkTarget/Parameterized</folder>
    <name>main_5_2</name>
    <version>0</version>
    <label>_anchor</label>
    <creationDate>2018-03-21T16:21:29.857-07:00</creationDate>
    <updateDate>2015-01-26T18:11:12.650-08:00</updateDate>
    <mainReport>
        <localResource
            xmlns:xsi="http://www.w3.org/2001/XMLSchema-instance"
            exportedWithPermissions="false" dataFile="main_.data" xsi:type="fileResource">
            <folder>/public/viz/Hyperlinks/ReportExecutionType/targets/SelfLinkTarget/Parameterized/main_5_2_files</folder>
            <name>main_</name>
            <version>0</version>
            <label>main</label>
            <creationDate>2018-03-21T16:21:29.857-07:00</creationDate>
            <updateDate>2015-01-26T18:11:12.650-08:00</updateDate>
            <fileType>jrxml</fileType>
        </localResource>
    </mainReport>
    <dataSource>
        <uri>/organizations/organization_1/analysis/datasources/SugarCRMDataSourceJNDI</uri>
    </dataSource>
    <inputControl>
        <uri>/public/viz/Hyperlinks/ReportExecutionType/IinputControls/country</uri>
    </inputControl>
    <inputControl>
        <uri>/public/viz/Hyperlinks/ReportExecutionType/IinputControls/state</uri>
    </inputControl>
    <inputControlRenderingView></inputControlRenderingView>
    <alwaysPromptControls>false</alwaysPromptControls>
    <controlsLayout>1</controlsLayout>
</reportUnit>
