<?xml version="1.0" encoding="UTF-8"?>
<fileResource exportedWithPermissions="false" dataFile="FoodmartNoTopGrant.data"><folder>/organizations/organization_1/analysis/schemas</folder><name>FoodmartNoTopGrant</name><version>3</version><label>Foodmart Grant without top levels</label><description>ANALYSIS Foodmart Grant with no top levels allowing navigation in the browser</description><creationDate>2014-11-12T18:20:07.391+02:00</creationDate><updateDate>2014-05-12T15:31:39.793+03:00</updateDate><fileType>accessGrantSchema</fileType></fileResource>