<?xml version="1.0" encoding="UTF-8"?>
<folder exportedWithPermissions="false"><parent>/public</parent><name>viz</name><label>viz</label><description></description><creationDate>2014-11-12T18:20:06.184+02:00</creationDate><updateDate>2014-03-19T13:54:20.200+02:00</updateDate><folder>Adhoc</folder><folder>FusionCharts</folder><folder>Highcharts</folder><folder>Hyperlinks</folder><folder>InputControl</folder><folder>jFreeCharts</folder><folder>PersistedId</folder><folder>Slow_Report</folder><resource>04._Product_Results_by_Store_Type_Report</resource><resource>crosstab</resource><resource>emptyReport</resource><resource>main_with_sub</resource><resource>report_with_different_column_types</resource><resource>twoCrosstab</resource><resource>twoTable</resource><resource>usersReport</resource><resource>With_all_date_types_Adhoc</resource><resource>With_all_date_types_Report</resource></folder>