<?xml version="1.0" encoding="UTF-8"?>
<reportUnit exportedWithPermissions="false"><folder>/public/viz</folder><name>04._Product_Results_by_Store_Type_Report</name><version>0</version><label>JSON export. Product Results by Store Type Report</label><description>report updated to be ready to export to JSON.&#xd;
Sample Filtered Table Report Showing Multiple Measures. Created from Sample Ad Hoc View.</description><creationDate>2014-11-12T18:20:33.009+02:00</creationDate><updateDate>2014-11-12T17:35:39.974+02:00</updateDate><mainReport><localResource xmlns:xsi="http://www.w3.org/2001/XMLSchema-instance" exportedWithPermissions="false" dataFile="mainReportJrxml.data" xsi:type="fileResource"><folder>/public/viz/04._Product_Results_by_Store_Type_Report_files</folder><name>mainReportJrxml</name><version>0</version><label>mainReportJrxml</label><creationDate>2014-11-12T18:20:33.009+02:00</creationDate><updateDate>2014-11-12T17:35:39.239+02:00</updateDate><fileType>jrxml</fileType></localResource></mainReport><dataSource><uri>/public/Samples/Ad_Hoc_Views/04__Product_Results_by_Store_Type</uri></dataSource><resource><localResource xmlns:xsi="http://www.w3.org/2001/XMLSchema-instance" exportedWithPermissions="false" dataFile="supermart_domain_de.properties.data" xsi:type="fileResource"><folder>/public/viz/04._Product_Results_by_Store_Type_Report_files</folder><name>supermart_domain_de.properties</name><version>0</version><label>bundle</label><description>bundle</description><creationDate>2014-11-12T18:20:33.009+02:00</creationDate><updateDate>2014-11-12T17:35:39.351+02:00</updateDate><fileType>prop</fileType></localResource></resource><resource><localResource xmlns:xsi="http://www.w3.org/2001/XMLSchema-instance" exportedWithPermissions="false" dataFile="supermart_domain_ja.properties.data" xsi:type="fileResource"><folder>/public/viz/04._Product_Results_by_Store_Type_Report_files</folder><name>supermart_domain_ja.properties</name><version>0</version><label>bundle</label><description>bundle</description><creationDate>2014-11-12T18:20:33.009+02:00</creationDate><updateDate>2014-11-12T17:35:39.592+02:00</updateDate><fileType>prop</fileType></localResource></resource><resource><localResource xmlns:xsi="http://www.w3.org/2001/XMLSchema-instance" exportedWithPermissions="false" dataFile="supermart_domain.properties.data" xsi:type="fileResource"><folder>/public/viz/04._Product_Results_by_Store_Type_Report_files</folder><name>supermart_domain.properties</name><version>0</version><label>bundle</label><description>bundle</description><creationDate>2014-11-12T18:20:33.009+02:00</creationDate><updateDate>2014-11-12T17:35:39.641+02:00</updateDate><fileType>prop</fileType></localResource></resource><resource><localResource xmlns:xsi="http://www.w3.org/2001/XMLSchema-instance" exportedWithPermissions="false" dataFile="stateXML.data" xsi:type="fileResource"><folder>/public/viz/04._Product_Results_by_Store_Type_Report_files</folder><name>stateXML</name><version>0</version><label>stateXML</label><creationDate>2014-11-12T18:20:33.009+02:00</creationDate><updateDate>2014-11-12T17:20:02.863+02:00</updateDate><fileType>xml</fileType></localResource></resource><resource><localResource xmlns:xsi="http://www.w3.org/2001/XMLSchema-instance" exportedWithPermissions="false" dataFile="supermart_domain_en_US.properties.data" xsi:type="fileResource"><folder>/public/viz/04._Product_Results_by_Store_Type_Report_files</folder><name>supermart_domain_en_US.properties</name><version>0</version><label>bundle</label><description>bundle</description><creationDate>2014-11-12T18:20:33.009+02:00</creationDate><updateDate>2014-11-12T17:35:39.692+02:00</updateDate><fileType>prop</fileType></localResource></resource><resource><localResource xmlns:xsi="http://www.w3.org/2001/XMLSchema-instance" exportedWithPermissions="false" dataFile="supermart_domain_zh_CN.properties.data" xsi:type="fileResource"><folder>/public/viz/04._Product_Results_by_Store_Type_Report_files</folder><name>supermart_domain_zh_CN.properties</name><version>0</version><label>bundle</label><description>bundle</description><creationDate>2014-11-12T18:20:33.009+02:00</creationDate><updateDate>2014-11-12T17:35:39.742+02:00</updateDate><fileType>prop</fileType></localResource></resource><resource><localResource xmlns:xsi="http://www.w3.org/2001/XMLSchema-instance" exportedWithPermissions="false" dataFile="supermart_domain_es.properties.data" xsi:type="fileResource"><folder>/public/viz/04._Product_Results_by_Store_Type_Report_files</folder><name>supermart_domain_es.properties</name><version>0</version><label>bundle</label><description>bundle</description><creationDate>2014-11-12T18:20:33.009+02:00</creationDate><updateDate>2014-11-12T17:35:39.796+02:00</updateDate><fileType>prop</fileType></localResource></resource><resource><localResource xmlns:xsi="http://www.w3.org/2001/XMLSchema-instance" exportedWithPermissions="false" dataFile="supermart_domain_fr.properties.data" xsi:type="fileResource"><folder>/public/viz/04._Product_Results_by_Store_Type_Report_files</folder><name>supermart_domain_fr.properties</name><version>0</version><label>bundle</label><description>bundle</description><creationDate>2014-11-12T18:20:33.009+02:00</creationDate><updateDate>2014-11-12T17:35:39.846+02:00</updateDate><fileType>prop</fileType></localResource></resource><alwaysPromptControls>false</alwaysPromptControls><controlsLayout>1</controlsLayout></reportUnit>