<?xml version="1.0" encoding="UTF-8"?>
<reportUnit exportedWithPermissions="false"><folder>/public/viz</folder><name>twoCrosstab</name><version>0</version><label>twoCrosstab</label><description></description><creationDate>2014-11-12T18:20:06.850+02:00</creationDate><updateDate>2014-03-25T08:50:29.485+02:00</updateDate><mainReport><localResource xmlns:xsi="http://www.w3.org/2001/XMLSchema-instance" exportedWithPermissions="false" dataFile="main_jrxml.data" xsi:type="fileResource"><folder>/public/viz/twoCrosstab_files</folder><name>main_jrxml</name><version>0</version><label>Main jrxml</label><creationDate>2014-11-12T18:20:06.850+02:00</creationDate><updateDate>2014-03-25T08:50:29.485+02:00</updateDate><fileType>jrxml</fileType></localResource></mainReport><dataSource><uri>/organizations/organization_1/analysis/datasources/SugarCRMDataSourceJNDI</uri></dataSource><alwaysPromptControls>false</alwaysPromptControls><controlsLayout>1</controlsLayout></reportUnit>