<?xml version="1.0" encoding="UTF-8"?>
<reportUnit exportedWithPermissions="false"><folder>/public/viz</folder><name>With_all_date_types_Report</name><version>0</version><label>With all date types Report</label><description></description><creationDate>2014-11-12T18:20:07.065+02:00</creationDate><updateDate>2014-05-12T22:04:52.697+03:00</updateDate><mainReport><localResource xmlns:xsi="http://www.w3.org/2001/XMLSchema-instance" exportedWithPermissions="false" dataFile="mainReportJrxml.data" xsi:type="fileResource"><folder>/public/viz/With_all_date_types_Report_files</folder><name>mainReportJrxml</name><version>0</version><label>mainReportJrxml</label><creationDate>2014-11-12T18:20:07.065+02:00</creationDate><updateDate>2014-05-12T22:04:52.697+03:00</updateDate><fileType>jrxml</fileType></localResource></mainReport><dataSource><uri>/public/viz/With_all_date_types_Adhoc</uri></dataSource><resource><localResource xmlns:xsi="http://www.w3.org/2001/XMLSchema-instance" exportedWithPermissions="false" dataFile="stateXML.data" xsi:type="fileResource"><folder>/public/viz/With_all_date_types_Report_files</folder><name>stateXML</name><version>0</version><label>stateXML</label><creationDate>2014-11-12T18:20:07.065+02:00</creationDate><updateDate>2014-05-12T22:04:52.697+03:00</updateDate><fileType>xml</fileType></localResource></resource><alwaysPromptControls>true</alwaysPromptControls><controlsLayout>1</controlsLayout></reportUnit>