<?xml version="1.0" encoding="UTF-8"?>
<reportUnit exportedWithPermissions="false"><folder>/public/viz/Hyperlinks/Drill_Reports_with_Controls</folder><name>drill_report</name><version>0</version><label>Drill report</label><description></description><creationDate>2014-11-12T18:20:11.305+02:00</creationDate><updateDate>2014-05-05T19:18:29.477+03:00</updateDate><mainReport><localResource xmlns:xsi="http://www.w3.org/2001/XMLSchema-instance" exportedWithPermissions="false" dataFile="drill_report_jrxml.data" xsi:type="fileResource"><folder>/public/viz/Hyperlinks/Drill_Reports_with_Controls/drill_report_files</folder><name>drill_report_jrxml</name><version>0</version><label>Main jrxml</label><description>Main jrxml</description><creationDate>2014-11-12T18:20:11.305+02:00</creationDate><updateDate>2014-05-09T16:06:16.040+03:00</updateDate><fileType>jrxml</fileType></localResource></mainReport><dataSource><uri>/organizations/organization_1/analysis/datasources/SugarCRMDataSourceJNDI</uri></dataSource><inputControl><localResource xmlns:xsi="http://www.w3.org/2001/XMLSchema-instance" exportedWithPermissions="false" xsi:type="inputControl"><folder>/public/viz/Hyperlinks/Drill_Reports_with_Controls/drill_report_files</folder><name>country</name><version>0</version><label>country</label><creationDate>2014-11-12T18:20:11.305+02:00</creationDate><updateDate>2014-05-09T16:06:16.040+03:00</updateDate><type>7</type><mandatory>true</mandatory><readOnly>false</readOnly><visible>true</visible><query><localResource exportedWithPermissions="false" xsi:type="query"><folder>/public/viz/Hyperlinks/Drill_Reports_with_Controls/drill_report_files/country_files</folder><name>country</name><version>0</version><label>country</label><creationDate>2014-11-12T18:20:11.305+02:00</creationDate><updateDate>2014-05-09T16:06:16.040+03:00</updateDate><language>sql</language><queryString>select billing_address_country as country from accounts</queryString><dataSource><uri>/organizations/organization_1/analysis/datasources/SugarCRMDataSourceJNDI</uri></dataSource></localResource></query><queryVisibleColumn>country</queryVisibleColumn><queryValueColumn>country</queryValueColumn></localResource></inputControl><inputControl><localResource xmlns:xsi="http://www.w3.org/2001/XMLSchema-instance" exportedWithPermissions="false" xsi:type="inputControl"><folder>/public/viz/Hyperlinks/Drill_Reports_with_Controls/drill_report_files</folder><name>state</name><version>0</version><label>state</label><creationDate>2014-11-12T18:20:11.305+02:00</creationDate><updateDate>2014-05-09T16:06:16.040+03:00</updateDate><type>7</type><mandatory>false</mandatory><readOnly>false</readOnly><visible>true</visible><query><localResource exportedWithPermissions="false" xsi:type="query"><folder>/public/viz/Hyperlinks/Drill_Reports_with_Controls/drill_report_files/state_files</folder><name>state</name><version>0</version><label>state</label><creationDate>2014-11-12T18:20:11.305+02:00</creationDate><updateDate>2014-05-09T16:06:16.040+03:00</updateDate><language>sql</language><queryString>select billing_address_state as state from accounts
where $X{IN,billing_address_country, country}</queryString><dataSource><uri>/organizations/organization_1/analysis/datasources/SugarCRMDataSourceJNDI</uri></dataSource></localResource></query><queryVisibleColumn>state</queryVisibleColumn><queryValueColumn>state</queryValueColumn></localResource></inputControl><inputControl><localResource xmlns:xsi="http://www.w3.org/2001/XMLSchema-instance" exportedWithPermissions="false" xsi:type="inputControl"><folder>/public/viz/Hyperlinks/Drill_Reports_with_Controls/drill_report_files</folder><name>city</name><version>0</version><label>city</label><creationDate>2014-11-12T18:20:11.305+02:00</creationDate><updateDate>2014-05-09T16:06:16.040+03:00</updateDate><type>4</type><mandatory>false</mandatory><readOnly>false</readOnly><visible>true</visible><query><localResource exportedWithPermissions="false" xsi:type="query"><folder>/public/viz/Hyperlinks/Drill_Reports_with_Controls/drill_report_files/city_files</folder><name>city</name><version>0</version><label>city</label><description>city</description><creationDate>2014-11-12T18:20:11.305+02:00</creationDate><updateDate>2014-05-09T16:06:16.040+03:00</updateDate><language>sql</language><queryString>select billing_address_city as city from accounts
where $X{IN,billing_address_country, country}
AND   $X{IN,billing_address_state, state}</queryString><dataSource><uri>/organizations/organization_1/analysis/datasources/SugarCRMDataSourceJNDI</uri></dataSource></localResource></query><queryVisibleColumn>city</queryVisibleColumn><queryValueColumn>city</queryValueColumn></localResource></inputControl><inputControlRenderingView></inputControlRenderingView><alwaysPromptControls>false</alwaysPromptControls><controlsLayout>1</controlsLayout></reportUnit>