<?xml version="1.0" encoding="UTF-8"?>
<reportUnit exportedWithPermissions="false"><folder>/public/viz/FusionCharts</folder><name>fusion_St</name><version>0</version><label>fusion_St</label><creationDate>2014-11-12T18:20:07.800+02:00</creationDate><updateDate>2014-02-18T17:48:02.182+02:00</updateDate><mainReport><localResource xmlns:xsi="http://www.w3.org/2001/XMLSchema-instance" exportedWithPermissions="false" dataFile="fusion_St_jrxml.data" xsi:type="fileResource"><folder>/public/viz/FusionCharts/fusion_St_files</folder><name>fusion_St_jrxml</name><version>0</version><label>Main jrxml</label><description>Main jrxml</description><creationDate>2014-11-12T18:20:07.800+02:00</creationDate><updateDate>2014-02-18T17:48:02.182+02:00</updateDate><fileType>jrxml</fileType></localResource></mainReport><dataSource><uri>/organizations/organization_1/analysis/datasources/SugarCRMDataSourceJNDI</uri></dataSource><alwaysPromptControls>true</alwaysPromptControls><controlsLayout>1</controlsLayout></reportUnit>