<?xml version="1.0" encoding="UTF-8"?>
<inputControl exportedWithPermissions="true">
    <folder>/public/Visualize/Input_Controls/controls</folder>
    <name>Country</name>
    <version>0</version>
    <label>Country</label>
    <description></description>
    <creationDate>2018-03-21T16:21:29.090-07:00</creationDate>
    <updateDate>2014-09-12T05:26:18.953-07:00</updateDate>
    <type>11</type>
    <mandatory>true</mandatory>
    <readOnly>false</readOnly>
    <visible>true</visible>
    <query>
        <localResource
            xmlns:xsi="http://www.w3.org/2001/XMLSchema-instance"
            exportedWithPermissions="false" xsi:type="query">
            <folder>/public/Visualize/Input_Controls/controls/Country_files</folder>
            <name>Query</name>
            <version>0</version>
            <label>Query</label>
            <description></description>
            <creationDate>2018-03-21T16:21:29.090-07:00</creationDate>
            <updateDate>2014-09-12T05:25:43.251-07:00</updateDate>
            <language>sql</language>
            <queryString>SELECT distinct sales_country as "country"
FROM region
WHERE region_id &gt; 0
ORDER BY 1;</queryString>
            <dataSource>
                <uri>/public/Samples/Data_Sources/FoodmartDataSourceJNDI</uri>
            </dataSource>
        </localResource>
    </query>
    <queryVisibleColumn>country</queryVisibleColumn>
    <queryValueColumn>country</queryValueColumn>
</inputControl>
