<?xml version="1.0" encoding="UTF-8"?>
<inputControl exportedWithPermissions="true">
    <folder>/public/Visualize/Input_Controls/controls</folder>
    <name>Gender</name>
    <version>0</version>
    <label>Gender</label>
    <description></description>
    <creationDate>2018-03-21T16:21:29.117-07:00</creationDate>
    <updateDate>2014-09-12T05:27:05.724-07:00</updateDate>
    <type>10</type>
    <mandatory>true</mandatory>
    <readOnly>false</readOnly>
    <visible>true</visible>
    <listOfValues>
        <localResource
            xmlns:xsi="http://www.w3.org/2001/XMLSchema-instance"
            exportedWithPermissions="false" xsi:type="listOfValues">
            <folder>/public/Visualize/Input_Controls/controls/Gender_files</folder>
            <name>ListOfValues</name>
            <version>0</version>
            <label>ListOfValues</label>
            <description></description>
            <creationDate>2018-03-21T16:21:29.117-07:00</creationDate>
            <updateDate>2014-09-12T05:25:43.251-07:00</updateDate>
            <item>
                <itemLabel>Female</itemLabel>
                <itemValue xmlns:java="http://java.sun.com" xsi:type="java:java.lang.String">F</itemValue>
            </item>
            <item>
                <itemLabel>Male</itemLabel>
                <itemValue xmlns:java="http://java.sun.com" xsi:type="java:java.lang.String">M</itemValue>
            </item>
        </localResource>
    </listOfValues>
</inputControl>
