<?xml version="1.0" encoding="UTF-8"?>
<reportUnit exportedWithPermissions="false"><folder>/public/viz/jFreeCharts</folder><name>jfreecharts_TwoCharts</name><version>0</version><label>jfreecharts_TwoCharts</label><description></description><creationDate>2014-11-12T18:20:08.468+02:00</creationDate><updateDate>2014-03-25T08:51:42.790+02:00</updateDate><mainReport><localResource xmlns:xsi="http://www.w3.org/2001/XMLSchema-instance" exportedWithPermissions="false" dataFile="main_jrxml.data" xsi:type="fileResource"><folder>/public/viz/jFreeCharts/jfreecharts_TwoCharts_files</folder><name>main_jrxml</name><version>0</version><label>Main jrxml</label><creationDate>2014-11-12T18:20:08.468+02:00</creationDate><updateDate>2014-03-25T08:51:42.790+02:00</updateDate><fileType>jrxml</fileType></localResource></mainReport><dataSource><uri>/organizations/organization_1/analysis/datasources/SugarCRMDataSourceJNDI</uri></dataSource><alwaysPromptControls>false</alwaysPromptControls><controlsLayout>1</controlsLayout></reportUnit>