<?xml version="1.0" encoding="UTF-8"?>
<folder exportedWithPermissions="false"><parent>/public/viz</parent><name>Adhoc</name><label>Adhoc</label><description></description><creationDate>2014-11-12T18:20:06.204+02:00</creationDate><updateDate>2014-03-19T13:57:37.241+02:00</updateDate><resource>crosstab</resource><resource>crosstabReport</resource><resource>OLAP_Crosstab</resource><resource>OLAP_Crosstab_Report</resource><resource>Репорт</resource><resource>Репорт_Report</resource></folder>