<?xml version="1.0" encoding="UTF-8"?>
<reportUnit exportedWithPermissions="false"><folder>/public/viz/Adhoc</folder><name>crosstabReport</name><version>0</version><label>crosstabReport</label><description></description><creationDate>2014-11-12T18:20:07.208+02:00</creationDate><updateDate>2014-03-20T13:52:00.948+02:00</updateDate><mainReport><localResource xmlns:xsi="http://www.w3.org/2001/XMLSchema-instance" exportedWithPermissions="false" dataFile="mainReportJrxml.data" xsi:type="fileResource"><folder>/public/viz/Adhoc/crosstabReport_files</folder><name>mainReportJrxml</name><version>0</version><label>mainReportJrxml</label><creationDate>2014-11-12T18:20:07.208+02:00</creationDate><updateDate>2014-03-20T13:52:00.948+02:00</updateDate><fileType>jrxml</fileType></localResource></mainReport><dataSource><uri>/public/viz/Adhoc/crosstab</uri></dataSource><resource><localResource xmlns:xsi="http://www.w3.org/2001/XMLSchema-instance" exportedWithPermissions="false" dataFile="stateXML.data" xsi:type="fileResource"><folder>/public/viz/Adhoc/crosstabReport_files</folder><name>stateXML</name><version>0</version><label>stateXML</label><creationDate>2014-11-12T18:20:07.208+02:00</creationDate><updateDate>2014-03-20T13:52:00.948+02:00</updateDate><fileType>xml</fileType></localResource></resource><alwaysPromptControls>false</alwaysPromptControls><controlsLayout>1</controlsLayout></reportUnit>