<?xml version="1.0" encoding="UTF-8"?>
<adhocDataView exportedWithPermissions="false"><folder>/public/viz/Adhoc</folder><name>crosstab</name><version>0</version><label>crosstab</label><description></description><creationDate>2014-11-12T18:20:07.159+02:00</creationDate><updateDate>2014-03-20T13:52:00.392+02:00</updateDate><dataSource><uri>/organizations/organization_1/datasources/JServerJNDIDS</uri></dataSource><resource><localResource xmlns:xsi="http://www.w3.org/2001/XMLSchema-instance" exportedWithPermissions="false" dataFile="topicJRXML.data" xsi:type="fileResource"><folder>/public/viz/Adhoc/crosstab_files</folder><name>topicJRXML</name><version>0</version><label>topicJRXML</label><creationDate>2014-11-12T18:20:07.159+02:00</creationDate><updateDate>2014-03-20T13:52:00.392+02:00</updateDate><fileType>jrxml</fileType></localResource></resource><resource><localResource xmlns:xsi="http://www.w3.org/2001/XMLSchema-instance" exportedWithPermissions="false" dataFile="stateXML.data" xsi:type="fileResource"><folder>/public/viz/Adhoc/crosstab_files</folder><name>stateXML</name><version>0</version><label>stateXML</label><creationDate>2014-11-12T18:20:07.159+02:00</creationDate><updateDate>2014-03-20T13:52:00.392+02:00</updateDate><fileType>xml</fileType></localResource></resource><alwaysPromptControls>false</alwaysPromptControls><controlsLayout>1</controlsLayout></adhocDataView>