<?xml version="1.0" encoding="UTF-8"?>
<reportUnit exportedWithPermissions="true">
    <folder>/public/viz/Hyperlinks/Drill_Reports_with_Controls</folder>
    <name>main_report</name>
    <version>0</version>
    <label>Main report with drill</label>
    <creationDate>2018-03-21T16:21:29.769-07:00</creationDate>
    <updateDate>2014-05-09T06:41:54.175-07:00</updateDate>
    <mainReport>
        <localResource
            xmlns:xsi="http://www.w3.org/2001/XMLSchema-instance"
            exportedWithPermissions="false" dataFile="main_jrxml.data" xsi:type="fileResource">
            <folder>/public/viz/Hyperlinks/Drill_Reports_with_Controls/main_report_files</folder>
            <name>main_jrxml</name>
            <version>0</version>
            <label>Main jrxml</label>
            <creationDate>2018-03-21T16:21:29.769-07:00</creationDate>
            <updateDate>2014-05-09T06:12:20.933-07:00</updateDate>
            <fileType>jrxml</fileType>
        </localResource>
    </mainReport>
    <dataSource>
        <uri>/organizations/organization_1/analysis/datasources/SugarCRMDataSourceJNDI</uri>
    </dataSource>
    <inputControl>
        <localResource
            xmlns:xsi="http://www.w3.org/2001/XMLSchema-instance"
            exportedWithPermissions="false" xsi:type="inputControl">
            <folder>/public/viz/Hyperlinks/Drill_Reports_with_Controls/main_report_files</folder>
            <name>country</name>
            <version>0</version>
            <label>country</label>
            <creationDate>2018-03-21T16:21:29.769-07:00</creationDate>
            <updateDate>2014-05-09T06:06:16.040-07:00</updateDate>
            <type>7</type>
            <mandatory>true</mandatory>
            <readOnly>false</readOnly>
            <visible>true</visible>
            <query>
                <localResource exportedWithPermissions="false" xsi:type="query">
                    <folder>/public/viz/Hyperlinks/Drill_Reports_with_Controls/main_report_files/country_files</folder>
                    <name>country</name>
                    <version>0</version>
                    <label>country</label>
                    <creationDate>2018-03-21T16:21:29.769-07:00</creationDate>
                    <updateDate>2014-05-09T06:06:16.040-07:00</updateDate>
                    <language>sql</language>
                    <queryString>select billing_address_country as country from accounts</queryString>
                    <dataSource>
                        <uri>/organizations/organization_1/analysis/datasources/SugarCRMDataSourceJNDI</uri>
                    </dataSource>
                </localResource>
            </query>
            <queryVisibleColumn>country</queryVisibleColumn>
            <queryValueColumn>country</queryValueColumn>
        </localResource>
    </inputControl>
    <inputControl>
        <localResource
            xmlns:xsi="http://www.w3.org/2001/XMLSchema-instance"
            exportedWithPermissions="false" xsi:type="inputControl">
            <folder>/public/viz/Hyperlinks/Drill_Reports_with_Controls/main_report_files</folder>
            <name>state</name>
            <version>0</version>
            <label>state</label>
            <creationDate>2018-03-21T16:21:29.769-07:00</creationDate>
            <updateDate>2014-05-09T06:06:16.040-07:00</updateDate>
            <type>7</type>
            <mandatory>false</mandatory>
            <readOnly>false</readOnly>
            <visible>true</visible>
            <query>
                <localResource exportedWithPermissions="false" xsi:type="query">
                    <folder>/public/viz/Hyperlinks/Drill_Reports_with_Controls/main_report_files/state_files</folder>
                    <name>state</name>
                    <version>0</version>
                    <label>state</label>
                    <creationDate>2018-03-21T16:21:29.769-07:00</creationDate>
                    <updateDate>2014-05-09T06:06:16.040-07:00</updateDate>
                    <language>sql</language>
                    <queryString>select billing_address_state as state from accounts
where $X{IN,billing_address_country, country}</queryString>
                    <dataSource>
                        <uri>/organizations/organization_1/analysis/datasources/SugarCRMDataSourceJNDI</uri>
                    </dataSource>
                </localResource>
            </query>
            <queryVisibleColumn>state</queryVisibleColumn>
            <queryValueColumn>state</queryValueColumn>
        </localResource>
    </inputControl>
    <alwaysPromptControls>true</alwaysPromptControls>
    <controlsLayout>1</controlsLayout>
</reportUnit>
