<?xml version="1.0" encoding="UTF-8"?>
<reportUnit exportedWithPermissions="false"><folder>/public/viz/InputControl</folder><name>Cascading_multi_select_topic</name><version>0</version><label>Cascading multi select topic</label><description>Shows cascading input controls. Multi-select and single select queries</description><creationDate>2014-11-12T18:20:08.334+02:00</creationDate><updateDate>2014-06-19T12:06:33.280+03:00</updateDate><mainReport><localResource xmlns:xsi="http://www.w3.org/2001/XMLSchema-instance" exportedWithPermissions="false" dataFile="CascICJRXML.data" xsi:type="fileResource"><folder>/public/viz/InputControl/Cascading_multi_select_topic_files</folder><name>CascICJRXML</name><version>0</version><label>CascICJRXML_label</label><description>CascICJRXML description</description><creationDate>2014-11-12T18:20:08.334+02:00</creationDate><updateDate>2014-06-19T12:06:14.118+03:00</updateDate><fileType>jrxml</fileType></localResource></mainReport><dataSource><uri>/organizations/organization_1/datasources/JServerJNDIDS</uri></dataSource><inputControl><localResource xmlns:xsi="http://www.w3.org/2001/XMLSchema-instance" exportedWithPermissions="false" xsi:type="inputControl"><folder>/public/viz/InputControl/Cascading_multi_select_topic_files</folder><name>Country_multi_select</name><version>0</version><label>Country multi select</label><description>Country multi select</description><creationDate>2014-11-12T18:20:08.334+02:00</creationDate><updateDate>2014-06-19T12:06:14.118+03:00</updateDate><type>7</type><mandatory>true</mandatory><readOnly>false</readOnly><visible>true</visible><query><localResource exportedWithPermissions="false" xsi:type="query"><folder>/public/viz/InputControl/Cascading_multi_select_topic_files/Country_multi_select_files</folder><name>country_query</name><version>0</version><label>Country Query</label><creationDate>2014-11-12T18:20:08.334+02:00</creationDate><updateDate>2014-06-19T12:06:14.118+03:00</updateDate><language>sql</language><queryString>select distinct billing_address_country from accounts order by billing_address_country</queryString><dataSource><uri>/organizations/organization_1/datasources/JServerJNDIDS</uri></dataSource></localResource></query><queryVisibleColumn>billing_address_country</queryVisibleColumn><queryValueColumn>billing_address_country</queryValueColumn></localResource></inputControl><inputControl><localResource xmlns:xsi="http://www.w3.org/2001/XMLSchema-instance" exportedWithPermissions="false" xsi:type="inputControl"><folder>/public/viz/InputControl/Cascading_multi_select_topic_files</folder><name>Cascading_state_multi_select</name><version>0</version><label>Cascading state multi select control</label><description>Cascading state multi select control</description><creationDate>2014-11-12T18:20:08.334+02:00</creationDate><updateDate>2014-06-19T12:06:14.118+03:00</updateDate><type>7</type><mandatory>true</mandatory><readOnly>false</readOnly><visible>true</visible><query><localResource exportedWithPermissions="false" xsi:type="query"><folder>/public/viz/InputControl/Cascading_multi_select_topic_files/Cascading_state_multi_select_files</folder><name>Cascading_state_query</name><version>0</version><label>Cascading state query</label><creationDate>2014-11-12T18:20:08.334+02:00</creationDate><updateDate>2014-06-19T12:06:14.118+03:00</updateDate><language>sql</language><queryString>select distinct billing_address_state, billing_address_country from accounts where $X{IN, billing_address_country, Country_multi_select} order by billing_address_country, billing_address_state</queryString><dataSource><uri>/organizations/organization_1/datasources/JServerJNDIDS</uri></dataSource></localResource></query><queryVisibleColumn>billing_address_country</queryVisibleColumn><queryVisibleColumn>billing_address_state</queryVisibleColumn><queryValueColumn>billing_address_state</queryValueColumn></localResource></inputControl><inputControl><localResource xmlns:xsi="http://www.w3.org/2001/XMLSchema-instance" exportedWithPermissions="false" xsi:type="inputControl"><folder>/public/viz/InputControl/Cascading_multi_select_topic_files</folder><name>Cascading_name_single_select</name><version>0</version><label>Cascading name single select</label><description>Cascading name single select</description><creationDate>2014-11-12T18:20:08.334+02:00</creationDate><updateDate>2014-06-19T12:06:14.118+03:00</updateDate><type>4</type><mandatory>true</mandatory><readOnly>false</readOnly><visible>true</visible><query><localResource exportedWithPermissions="false" xsi:type="query"><folder>/public/viz/InputControl/Cascading_multi_select_topic_files/Cascading_name_single_select_files</folder><name>country_state_to_name</name><version>0</version><label>Country State to Name</label><creationDate>2014-11-12T18:20:08.334+02:00</creationDate><updateDate>2014-06-19T12:06:14.118+03:00</updateDate><language>sql</language><queryString>select name from accounts where $X{IN, billing_address_country, Country_multi_select} and $X{IN, billing_address_state, Cascading_state_multi_select} order by name</queryString><dataSource><uri>/organizations/organization_1/datasources/JServerJNDIDS</uri></dataSource></localResource></query><queryVisibleColumn>name</queryVisibleColumn><queryValueColumn>name</queryValueColumn></localResource></inputControl><inputControlRenderingView></inputControlRenderingView><alwaysPromptControls>false</alwaysPromptControls><controlsLayout>4</controlsLayout></reportUnit>