<?xml version="1.0" encoding="UTF-8"?>
<reportUnit exportedWithPermissions="true">
    <folder>/public/viz/InputControl</folder>
    <name>Cascading_Report_2_Updated</name>
    <version>0</version>
    <label>cascading control</label>
    <description>Interactive table and chart.</description>
    <creationDate>2018-03-21T16:21:29.123-07:00</creationDate>
    <updateDate>2014-09-12T05:33:15.760-07:00</updateDate>
    <mainReport>
        <localResource
            xmlns:xsi="http://www.w3.org/2001/XMLSchema-instance"
            exportedWithPermissions="false" dataFile="main_jrxml.data" xsi:type="fileResource">
            <folder>/public/viz/InputControl/Cascading_Report_2_Updated_files</folder>
            <name>main_jrxml</name>
            <version>0</version>
            <label>main_jrxml</label>
            <creationDate>2018-03-21T16:21:29.123-07:00</creationDate>
            <updateDate>2016-11-30T07:00:10.618-08:00</updateDate>
            <fileType>jrxml</fileType>
        </localResource>
    </mainReport>
    <dataSource>
        <uri>/public/Samples/Data_Sources/FoodmartDataSourceJNDI</uri>
    </dataSource>
    <inputControl>
        <uri>/public/Visualize/Input_Controls/controls/Product_Family</uri>
    </inputControl>
    <inputControl>
        <uri>/public/Visualize/Input_Controls/controls/Product_Department</uri>
    </inputControl>
    <inputControl>
        <uri>/public/Visualize/Input_Controls/controls/Product_Category</uri>
    </inputControl>
    <inputControl>
        <uri>/public/Visualize/Input_Controls/controls/Product_Name</uri>
    </inputControl>
    <inputControl>
        <uri>/public/Visualize/Input_Controls/controls/Country</uri>
    </inputControl>
    <inputControl>
        <uri>/public/Visualize/Input_Controls/controls/Gender</uri>
    </inputControl>
    <resource>
        <localResource
            xmlns:xsi="http://www.w3.org/2001/XMLSchema-instance"
            exportedWithPermissions="false" xsi:type="fileResource">
            <folder>/public/viz/InputControl/Cascading_Report_2_Updated_files</folder>
            <name>js_logo.png</name>
            <version>0</version>
            <label>js_logo.png</label>
            <creationDate>2018-03-21T16:21:29.123-07:00</creationDate>
            <updateDate>2016-11-30T07:00:10.618-08:00</updateDate>
            <referenceUri>/public/Samples/Resources/Images/Jaspersoft_logo.png</referenceUri>
        </localResource>
    </resource>
    <resource>
        <localResource
            xmlns:xsi="http://www.w3.org/2001/XMLSchema-instance"
            exportedWithPermissions="false" xsi:type="fileResource">
            <folder>/public/viz/InputControl/Cascading_Report_2_Updated_files</folder>
            <name>SampleReportStyles.jrtx</name>
            <version>0</version>
            <label>SampleReportStyles.jrtx</label>
            <creationDate>2018-03-21T16:21:29.123-07:00</creationDate>
            <updateDate>2016-11-30T07:00:10.618-08:00</updateDate>
            <referenceUri>/public/Samples/Resources/Extras/SampleReportStyles.jrtx</referenceUri>
        </localResource>
    </resource>
    <inputControlRenderingView></inputControlRenderingView>
    <alwaysPromptControls>false</alwaysPromptControls>
    <controlsLayout>4</controlsLayout>
</reportUnit>
