<?xml version="1.0" encoding="UTF-8"?>
<folder exportedWithPermissions="true">
    <parent>/public/viz/Adhoc</parent>
    <name>Multiple_Ahv</name>
    <label>Multiple Ahv</label>
    <description></description>
    <creationDate>2018-03-21T16:21:25.043-07:00</creationDate>
    <updateDate>2017-02-10T04:25:32.607-08:00</updateDate>
    <resource>shipping_charge_by_city</resource>
    <resource>shipping_charge_by_countries</resource>
    <resource>shipping_charge_by_country</resource>
    <resource>Store_Sales_by_City_and_Department</resource>
    <resource>Store_Sales_by_Countries</resource>
    <resource>Store_Sales_by_Countries_2</resource>
    <resource>Store_Sales_by_Countries_3</resource>
    <resource>Store_Sales_by_Country</resource>
    <resource>Store_Sales_by_Country_in_groups_section</resource>
</folder>
