<?xml version="1.0" encoding="UTF-8"?>
<folder exportedWithPermissions="true">
    <parent>/</parent>
    <name>organizations</name>
    <label>Organizations</label>
    <description>Organizations</description>
    <creationDate>2018-03-21T16:09:49.303-07:00</creationDate>
    <updateDate>2018-03-20T18:03:25.070-07:00</updateDate>
    <permission>
        <permissionMask>1</permissionMask>
        <recipient recipientType="role">ROLE_ADMINISTRATOR</recipient>
    </permission>
    <permission>
        <permissionMask>2</permissionMask>
        <recipient recipientType="role">ROLE_USER</recipient>
    </permission>
</folder>
