<?xml version="1.0" encoding="UTF-8"?>
<adhocDataView exportedWithPermissions="true">
    <folder>/public/Visualize/Adhoc</folder>
    <name>Ad_Hoc_View_All_filters</name>
    <version>0</version>
    <label>Ad Hoc View All filters</label>
    <description></description>
    <creationDate>2018-03-21T16:21:26.416-07:00</creationDate>
    <updateDate>2014-11-13T00:24:12.485-08:00</updateDate>
    <dataSource>
        <uri>/organizations/organization_1/analysis/datasources/SugarCRMDataSourceJNDI</uri>
    </dataSource>
    <inputControl>
        <localResource
            xmlns:xsi="http://www.w3.org/2001/XMLSchema-instance"
            exportedWithPermissions="false" xsi:type="inputControl">
            <folder>/public/Visualize/Adhoc/Ad_Hoc_View_All_filters_files</folder>
            <name>column_boolean_1</name>
            <version>0</version>
            <label>column_boolean</label>
            <creationDate>2018-03-21T16:21:26.416-07:00</creationDate>
            <updateDate>2014-11-13T00:24:12.485-08:00</updateDate>
            <type>1</type>
            <mandatory>false</mandatory>
            <readOnly>false</readOnly>
            <visible>true</visible>
        </localResource>
    </inputControl>
    <inputControl>
        <localResource
            xmlns:xsi="http://www.w3.org/2001/XMLSchema-instance"
            exportedWithPermissions="false" xsi:type="inputControl">
            <folder>/public/Visualize/Adhoc/Ad_Hoc_View_All_filters_files</folder>
            <name>column_string_1</name>
            <version>0</version>
            <label>column_string does not contain</label>
            <creationDate>2018-03-21T16:21:26.416-07:00</creationDate>
            <updateDate>2014-11-13T00:24:12.485-08:00</updateDate>
            <type>2</type>
            <mandatory>false</mandatory>
            <readOnly>false</readOnly>
            <visible>true</visible>
            <dataType>
                <localResource exportedWithPermissions="false" xsi:type="dataType">
                    <folder>/public/Visualize/Adhoc/Ad_Hoc_View_All_filters_files/column_string_1_files</folder>
                    <name>text</name>
                    <version>0</version>
                    <label>Text</label>
                    <creationDate>2018-03-21T16:21:26.416-07:00</creationDate>
                    <updateDate>2014-11-13T00:24:12.485-08:00</updateDate>
                    <type>1</type>
                    <strictMin>false</strictMin>
                    <strictMax>false</strictMax>
                </localResource>
            </dataType>
        </localResource>
    </inputControl>
    <inputControl>
        <localResource
            xmlns:xsi="http://www.w3.org/2001/XMLSchema-instance"
            exportedWithPermissions="false" xsi:type="inputControl">
            <folder>/public/Visualize/Adhoc/Ad_Hoc_View_All_filters_files</folder>
            <name>column_date_1</name>
            <version>0</version>
            <label>column_date is after</label>
            <creationDate>2018-03-21T16:21:26.416-07:00</creationDate>
            <updateDate>2014-11-13T00:24:12.485-08:00</updateDate>
            <type>2</type>
            <mandatory>false</mandatory>
            <readOnly>false</readOnly>
            <visible>true</visible>
            <dataType>
                <localResource exportedWithPermissions="false" xsi:type="dataType">
                    <folder>/public/Visualize/Adhoc/Ad_Hoc_View_All_filters_files/column_date_1_files</folder>
                    <name>date</name>
                    <version>0</version>
                    <label>Date</label>
                    <creationDate>2018-03-21T16:21:26.416-07:00</creationDate>
                    <updateDate>2014-11-13T00:24:12.485-08:00</updateDate>
                    <type>3</type>
                    <strictMin>false</strictMin>
                    <strictMax>false</strictMax>
                </localResource>
            </dataType>
        </localResource>
    </inputControl>
    <inputControl>
        <localResource
            xmlns:xsi="http://www.w3.org/2001/XMLSchema-instance"
            exportedWithPermissions="false" xsi:type="inputControl">
            <folder>/public/Visualize/Adhoc/Ad_Hoc_View_All_filters_files</folder>
            <name>column_time_1</name>
            <version>0</version>
            <label>column_time is on or before</label>
            <creationDate>2018-03-21T16:21:26.416-07:00</creationDate>
            <updateDate>2014-11-13T00:24:12.485-08:00</updateDate>
            <type>2</type>
            <mandatory>false</mandatory>
            <readOnly>false</readOnly>
            <visible>true</visible>
            <dataType>
                <localResource exportedWithPermissions="false" xsi:type="dataType">
                    <folder>/public/Visualize/Adhoc/Ad_Hoc_View_All_filters_files/column_time_1_files</folder>
                    <name>time</name>
                    <version>0</version>
                    <label>time</label>
                    <creationDate>2018-03-21T16:21:26.416-07:00</creationDate>
                    <updateDate>2014-11-13T00:24:12.485-08:00</updateDate>
                    <type>5</type>
                    <strictMin>false</strictMin>
                    <strictMax>false</strictMax>
                </localResource>
            </dataType>
        </localResource>
    </inputControl>
    <inputControl>
        <localResource
            xmlns:xsi="http://www.w3.org/2001/XMLSchema-instance"
            exportedWithPermissions="false" xsi:type="inputControl">
            <folder>/public/Visualize/Adhoc/Ad_Hoc_View_All_filters_files</folder>
            <name>column_timestamp_1</name>
            <version>0</version>
            <label>column_timestamp not between</label>
            <creationDate>2018-03-21T16:21:26.416-07:00</creationDate>
            <updateDate>2014-11-13T00:24:12.485-08:00</updateDate>
            <type>2</type>
            <mandatory>false</mandatory>
            <readOnly>false</readOnly>
            <visible>true</visible>
            <dataType>
                <localResource exportedWithPermissions="false" xsi:type="dataType">
                    <folder>/public/Visualize/Adhoc/Ad_Hoc_View_All_filters_files/column_timestamp_1_files</folder>
                    <name>timestamp</name>
                    <version>0</version>
                    <label>Timestamp</label>
                    <creationDate>2018-03-21T16:21:26.416-07:00</creationDate>
                    <updateDate>2014-11-13T00:24:12.485-08:00</updateDate>
                    <type>4</type>
                    <strictMin>false</strictMin>
                    <strictMax>false</strictMax>
                </localResource>
            </dataType>
        </localResource>
    </inputControl>
    <inputControl>
        <localResource
            xmlns:xsi="http://www.w3.org/2001/XMLSchema-instance"
            exportedWithPermissions="false" xsi:type="inputControl">
            <folder>/public/Visualize/Adhoc/Ad_Hoc_View_All_filters_files</folder>
            <name>column_timestamp_2</name>
            <version>0</version>
            <label>and</label>
            <creationDate>2018-03-21T16:21:26.416-07:00</creationDate>
            <updateDate>2014-11-13T00:24:12.485-08:00</updateDate>
            <type>2</type>
            <mandatory>false</mandatory>
            <readOnly>false</readOnly>
            <visible>true</visible>
            <dataType>
                <localResource exportedWithPermissions="false" xsi:type="dataType">
                    <folder>/public/Visualize/Adhoc/Ad_Hoc_View_All_filters_files/column_timestamp_2_files</folder>
                    <name>timestamp</name>
                    <version>0</version>
                    <label>Timestamp</label>
                    <creationDate>2018-03-21T16:21:26.416-07:00</creationDate>
                    <updateDate>2014-11-13T00:24:12.485-08:00</updateDate>
                    <type>4</type>
                    <strictMin>false</strictMin>
                    <strictMax>false</strictMax>
                </localResource>
            </dataType>
        </localResource>
    </inputControl>
    <inputControl>
        <localResource
            xmlns:xsi="http://www.w3.org/2001/XMLSchema-instance"
            exportedWithPermissions="false" xsi:type="inputControl">
            <folder>/public/Visualize/Adhoc/Ad_Hoc_View_All_filters_files</folder>
            <name>id_1</name>
            <version>0</version>
            <label>id is greater than or equal to</label>
            <creationDate>2018-03-21T16:21:26.416-07:00</creationDate>
            <updateDate>2014-11-13T00:24:12.485-08:00</updateDate>
            <type>2</type>
            <mandatory>false</mandatory>
            <readOnly>false</readOnly>
            <visible>true</visible>
            <dataType>
                <localResource exportedWithPermissions="false" xsi:type="dataType">
                    <folder>/public/Visualize/Adhoc/Ad_Hoc_View_All_filters_files/id_1_files</folder>
                    <name>number</name>
                    <version>0</version>
                    <label>Number</label>
                    <creationDate>2018-03-21T16:21:26.416-07:00</creationDate>
                    <updateDate>2014-11-13T00:24:12.485-08:00</updateDate>
                    <type>2</type>
                    <strictMin>false</strictMin>
                    <strictMax>false</strictMax>
                </localResource>
            </dataType>
        </localResource>
    </inputControl>
    <inputControl>
        <localResource
            xmlns:xsi="http://www.w3.org/2001/XMLSchema-instance"
            exportedWithPermissions="false" xsi:type="inputControl">
            <folder>/public/Visualize/Adhoc/Ad_Hoc_View_All_filters_files</folder>
            <name>column_float_1</name>
            <version>0</version>
            <label>column_float not</label>
            <creationDate>2018-03-21T16:21:26.416-07:00</creationDate>
            <updateDate>2014-11-13T00:24:12.485-08:00</updateDate>
            <type>2</type>
            <mandatory>false</mandatory>
            <readOnly>false</readOnly>
            <visible>true</visible>
            <dataType>
                <localResource exportedWithPermissions="false" xsi:type="dataType">
                    <folder>/public/Visualize/Adhoc/Ad_Hoc_View_All_filters_files/column_float_1_files</folder>
                    <name>number</name>
                    <version>0</version>
                    <label>Number</label>
                    <creationDate>2018-03-21T16:21:26.416-07:00</creationDate>
                    <updateDate>2014-11-13T00:24:12.485-08:00</updateDate>
                    <type>2</type>
                    <strictMin>false</strictMin>
                    <strictMax>false</strictMax>
                </localResource>
            </dataType>
        </localResource>
    </inputControl>
    <resource>
        <localResource
            xmlns:xsi="http://www.w3.org/2001/XMLSchema-instance"
            exportedWithPermissions="false" dataFile="topicJRXML.data" xsi:type="fileResource">
            <folder>/public/Visualize/Adhoc/Ad_Hoc_View_All_filters_files</folder>
            <name>topicJRXML</name>
            <version>0</version>
            <label>topicJRXML</label>
            <creationDate>2018-03-21T16:21:26.416-07:00</creationDate>
            <updateDate>2014-11-13T00:24:12.485-08:00</updateDate>
            <fileType>jrxml</fileType>
        </localResource>
    </resource>
    <resource>
        <localResource
            xmlns:xsi="http://www.w3.org/2001/XMLSchema-instance"
            exportedWithPermissions="false" dataFile="stateXML.data" xsi:type="fileResource">
            <folder>/public/Visualize/Adhoc/Ad_Hoc_View_All_filters_files</folder>
            <name>stateXML</name>
            <version>0</version>
            <label>stateXML</label>
            <creationDate>2018-03-21T16:21:26.416-07:00</creationDate>
            <updateDate>2014-11-13T00:24:12.485-08:00</updateDate>
            <fileType>xml</fileType>
        </localResource>
    </resource>
    <alwaysPromptControls>true</alwaysPromptControls>
    <controlsLayout>1</controlsLayout>
</adhocDataView>
