<?xml version="1.0" encoding="UTF-8"?>
<listOfValues exportedWithPermissions="false"><folder>/organizations/organization_1/supermart/Common</folder><name>ProductFamilyList</name><version>3</version><label>Product Family List</label><description>Displays Food, Drink, Non-Consumable</description><creationDate>2014-11-12T18:20:07.996+02:00</creationDate><updateDate>2014-06-03T17:03:05.168+03:00</updateDate><item><itemLabel>Food</itemLabel><itemValue xmlns:xsi="http://www.w3.org/2001/XMLSchema-instance" xsi:type="java:java.lang.String">Food</itemValue></item><item><itemLabel>Drink</itemLabel><itemValue xmlns:xsi="http://www.w3.org/2001/XMLSchema-instance" xsi:type="java:java.lang.String">Drink</itemValue></item><item><itemLabel>Non-Consumable</itemLabel><itemValue xmlns:xsi="http://www.w3.org/2001/XMLSchema-instance" xsi:type="java:java.lang.String">Non-Consumable</itemValue></item></listOfValues>