<?xml version="1.0" encoding="UTF-8"?>
<reportUnit exportedWithPermissions="false"><folder>/public/viz/Slow_Report</folder><name>easy_100</name><version>0</version><label>easy_100</label><creationDate>2014-11-12T18:20:10.482+02:00</creationDate><updateDate>2013-05-03T15:39:56.577+03:00</updateDate><mainReport><localResource xmlns:xsi="http://www.w3.org/2001/XMLSchema-instance" exportedWithPermissions="false" dataFile="easy_100_jrxml.data" xsi:type="fileResource"><folder>/public/viz/Slow_Report/easy_100_files</folder><name>easy_100_jrxml</name><version>0</version><label>Main jrxml</label><description>Main jrxml</description><creationDate>2014-11-12T18:20:10.482+02:00</creationDate><updateDate>2013-04-30T15:01:36.388+03:00</updateDate><fileType>jrxml</fileType></localResource></mainReport><dataSource><uri>/organizations/organization_1/analysis/datasources/FoodmartDataSourceJNDI</uri></dataSource><alwaysPromptControls>true</alwaysPromptControls><controlsLayout>1</controlsLayout></reportUnit>