<?xml version="1.0" encoding="UTF-8"?>
<reportUnit exportedWithPermissions="false"><folder>/public/viz/Slow_Report</folder><name>easy_large</name><version>0</version><label>easy_large</label><description></description><creationDate>2014-11-12T18:20:11.044+02:00</creationDate><updateDate>2013-02-07T14:24:39.979+02:00</updateDate><mainReport><localResource xmlns:xsi="http://www.w3.org/2001/XMLSchema-instance" exportedWithPermissions="false" dataFile="easy_large_jrxml.data" xsi:type="fileResource"><folder>/public/viz/Slow_Report/easy_large_files</folder><name>easy_large_jrxml</name><version>0</version><label>Main jrxml</label><description>Main jrxml</description><creationDate>2014-11-12T18:20:11.044+02:00</creationDate><updateDate>2011-12-05T15:13:58.199+02:00</updateDate><fileType>jrxml</fileType></localResource></mainReport><dataSource><uri>/organizations/organization_1/analysis/datasources/FoodmartDataSourceJNDI</uri></dataSource><inputControlRenderingView></inputControlRenderingView><alwaysPromptControls>true</alwaysPromptControls><controlsLayout>1</controlsLayout></reportUnit>