<?xml version="1.0" encoding="UTF-8"?>
<reportUnit exportedWithPermissions="false"><folder>/public/viz/Slow_Report</folder><name>hard_small</name><version>0</version><label>hard_small</label><description></description><creationDate>2014-11-12T18:20:11.212+02:00</creationDate><updateDate>2013-02-08T13:12:58.170+02:00</updateDate><mainReport><localResource xmlns:xsi="http://www.w3.org/2001/XMLSchema-instance" exportedWithPermissions="false" dataFile="hard_small_jrxml.data" xsi:type="fileResource"><folder>/public/viz/Slow_Report/hard_small_files</folder><name>hard_small_jrxml</name><version>0</version><label>Main jrxml</label><description>Main jrxml</description><creationDate>2014-11-12T18:20:11.212+02:00</creationDate><updateDate>2013-01-23T12:47:28.000+02:00</updateDate><fileType>jrxml</fileType></localResource></mainReport><dataSource><uri>/organizations/organization_1/analysis/datasources/FoodmartDataSourceJNDI</uri></dataSource><alwaysPromptControls>true</alwaysPromptControls><controlsLayout>1</controlsLayout></reportUnit>