<?xml version="1.0" encoding="UTF-8"?>
<semanticLayerDataSource exportedWithPermissions="true">
    <folder>/public/Samples/FreshCoffee/Domains</folder>
    <name>freshcoffee_salesTable</name>
    <version>0</version>
    <label>freshcoffee_sales</label>
    <description></description>
    <creationDate>2018-03-21T16:23:11.478-07:00</creationDate>
    <updateDate>2017-05-05T11:51:52.262-07:00</updateDate>
    <schema>
        <localResource
            xmlns:xsi="http://www.w3.org/2001/XMLSchema-instance"
            exportedWithPermissions="false" dataFile="schema.data" xsi:type="fileResource">
            <folder>/public/Samples/FreshCoffee/Domains/freshcoffee_salesTable_files</folder>
            <name>schema</name>
            <version>0</version>
            <label>schema</label>
            <description>schema</description>
            <creationDate>2018-03-21T16:23:11.478-07:00</creationDate>
            <updateDate>2017-05-03T23:05:39.313-07:00</updateDate>
            <fileType>xml</fileType>
        </localResource>
    </schema>
    <dataSource>
        <alias>freshcoffee</alias>
        <dataSourceReference>
            <uri>/public/Samples/FreshCoffee/Data_Sources/freshcoffee</uri>
        </dataSourceReference>
    </dataSource>
</semanticLayerDataSource>
