<?xml version="1.0" encoding="UTF-8"?>
<fileResource exportedWithPermissions="true" dataFile="FoodmartSchema.data">
    <folder>/organizations/organization_1/analysis/schemas</folder>
    <name>FoodmartSchema</name>
    <version>1</version>
    <label>FoodmartSchema</label>
    <description>Foodmart Analysis Schema</description>
    <creationDate>2018-03-21T16:21:27.559-07:00</creationDate>
    <updateDate>2016-11-25T01:58:40.059-08:00</updateDate>
    <fileType>olapMondrianSchema</fileType>
</fileResource>
