<?xml version="1.0" encoding="UTF-8"?>
<fileResource exportedWithPermissions="true" dataFile="FoodmartNoTopGrant.data">
    <folder>/organizations/organization_1/analysis/schemas</folder>
    <name>FoodmartNoTopGrant</name>
    <version>1</version>
    <label>Foodmart Grant without top levels</label>
    <description>ANALYSIS Foodmart Grant with no top levels allowing navigation in the browser</description>
    <creationDate>2018-03-21T16:21:27.591-07:00</creationDate>
    <updateDate>2016-11-25T01:59:09.502-08:00</updateDate>
    <fileType>accessGrantSchema</fileType>
</fileResource>
