<?xml version="1.0" encoding="UTF-8"?>
<folder exportedWithPermissions="true">
    <parent>/public/viz</parent>
    <name>Hyperlinks</name>
    <label>Hyperlinks</label>
    <description></description>
    <creationDate>2018-03-21T16:21:24.989-07:00</creationDate>
    <updateDate>2014-05-09T06:05:50.072-07:00</updateDate>
    <folder>Drill_Reports_with_Controls</folder>
    <folder>ReportExecutionType</folder>
    <resource>Chart</resource>
    <resource>Crosstab</resource>
    <resource>Table</resource>
    <resource>Table2</resource>
</folder>
