<?xml version="1.0" encoding="UTF-8"?>
<adhocDataView exportedWithPermissions="true">
    <folder>/public/viz/Adhoc</folder>
    <name>Репорт</name>
    <version>0</version>
    <label>Репорт</label>
    <description></description>
    <creationDate>2018-03-21T16:21:28.368-07:00</creationDate>
    <updateDate>2014-03-20T06:10:29.133-07:00</updateDate>
    <dataSource>
        <uri>/organizations/organization_1/datasources/JServerJNDIDS</uri>
    </dataSource>
    <resource>
        <localResource
            xmlns:xsi="http://www.w3.org/2001/XMLSchema-instance"
            exportedWithPermissions="false"
            dataFile="simpleTableTopic.properties.data" xsi:type="fileResource">
            <folder>/public/viz/Adhoc/Репорт_files</folder>
            <name>simpleTableTopic.properties</name>
            <version>0</version>
            <label>simpleTableTopic.properties</label>
            <description>simpleTableTopic.properties description</description>
            <creationDate>2018-03-21T16:21:28.368-07:00</creationDate>
            <updateDate>2014-03-20T06:10:29.133-07:00</updateDate>
            <fileType>prop</fileType>
        </localResource>
    </resource>
    <resource>
        <localResource
            xmlns:xsi="http://www.w3.org/2001/XMLSchema-instance"
            exportedWithPermissions="false"
            dataFile="simpleTableTopic_de.properties.data" xsi:type="fileResource">
            <folder>/public/viz/Adhoc/Репорт_files</folder>
            <name>simpleTableTopic_de.properties</name>
            <version>0</version>
            <label>simpleTableTopic_de.properties</label>
            <description>simpleTableTopic_de.properties description</description>
            <creationDate>2018-03-21T16:21:28.368-07:00</creationDate>
            <updateDate>2014-03-20T06:10:29.133-07:00</updateDate>
            <fileType>prop</fileType>
        </localResource>
    </resource>
    <resource>
        <localResource
            xmlns:xsi="http://www.w3.org/2001/XMLSchema-instance"
            exportedWithPermissions="false"
            dataFile="simpleTableTopic_es.properties.data" xsi:type="fileResource">
            <folder>/public/viz/Adhoc/Репорт_files</folder>
            <name>simpleTableTopic_es.properties</name>
            <version>0</version>
            <label>simpleTableTopic_es.properties</label>
            <description>simpleTableTopic_es.properties description</description>
            <creationDate>2018-03-21T16:21:28.368-07:00</creationDate>
            <updateDate>2014-03-20T06:10:29.133-07:00</updateDate>
            <fileType>prop</fileType>
        </localResource>
    </resource>
    <resource>
        <localResource
            xmlns:xsi="http://www.w3.org/2001/XMLSchema-instance"
            exportedWithPermissions="false"
            dataFile="simpleTableTopic_fr.properties.data" xsi:type="fileResource">
            <folder>/public/viz/Adhoc/Репорт_files</folder>
            <name>simpleTableTopic_fr.properties</name>
            <version>0</version>
            <label>simpleTableTopic_fr.properties</label>
            <description>simpleTableTopic_fr.properties description</description>
            <creationDate>2018-03-21T16:21:28.368-07:00</creationDate>
            <updateDate>2014-03-20T06:10:29.133-07:00</updateDate>
            <fileType>prop</fileType>
        </localResource>
    </resource>
    <resource>
        <localResource
            xmlns:xsi="http://www.w3.org/2001/XMLSchema-instance"
            exportedWithPermissions="false"
            dataFile="simpleTableTopic_ja.properties.data" xsi:type="fileResource">
            <folder>/public/viz/Adhoc/Репорт_files</folder>
            <name>simpleTableTopic_ja.properties</name>
            <version>0</version>
            <label>simpleTableTopic_ja.properties</label>
            <description>simpleTableTopic_ja.properties description</description>
            <creationDate>2018-03-21T16:21:28.368-07:00</creationDate>
            <updateDate>2014-03-20T06:10:29.133-07:00</updateDate>
            <fileType>prop</fileType>
        </localResource>
    </resource>
    <resource>
        <localResource
            xmlns:xsi="http://www.w3.org/2001/XMLSchema-instance"
            exportedWithPermissions="false"
            dataFile="simpleTableTopic_zh_CN.properties.data" xsi:type="fileResource">
            <folder>/public/viz/Adhoc/Репорт_files</folder>
            <name>simpleTableTopic_zh_CN.properties</name>
            <version>0</version>
            <label>simpleTableTopic_zh_CN.properties</label>
            <description>simpleTableTopic_zh_CN.properties description</description>
            <creationDate>2018-03-21T16:21:28.368-07:00</creationDate>
            <updateDate>2014-03-20T06:10:29.133-07:00</updateDate>
            <fileType>prop</fileType>
        </localResource>
    </resource>
    <resource>
        <localResource
            xmlns:xsi="http://www.w3.org/2001/XMLSchema-instance"
            exportedWithPermissions="false" dataFile="topicJRXML.data" xsi:type="fileResource">
            <folder>/public/viz/Adhoc/Репорт_files</folder>
            <name>topicJRXML</name>
            <version>0</version>
            <label>topicJRXML</label>
            <creationDate>2018-03-21T16:21:28.368-07:00</creationDate>
            <updateDate>2014-03-20T06:10:29.133-07:00</updateDate>
            <fileType>jrxml</fileType>
        </localResource>
    </resource>
    <resource>
        <localResource
            xmlns:xsi="http://www.w3.org/2001/XMLSchema-instance"
            exportedWithPermissions="false" dataFile="stateXML.data" xsi:type="fileResource">
            <folder>/public/viz/Adhoc/Репорт_files</folder>
            <name>stateXML</name>
            <version>0</version>
            <label>stateXML</label>
            <creationDate>2018-03-21T16:21:28.368-07:00</creationDate>
            <updateDate>2014-03-20T06:10:29.133-07:00</updateDate>
            <fileType>xml</fileType>
        </localResource>
    </resource>
    <alwaysPromptControls>false</alwaysPromptControls>
    <controlsLayout>1</controlsLayout>
</adhocDataView>
