<?xml version="1.0" encoding="UTF-8"?>
<folder exportedWithPermissions="true">
    <parent>/public/viz</parent>
    <name>Adhoc</name>
    <label>Adhoc</label>
    <description></description>
    <creationDate>2018-03-21T16:21:24.961-07:00</creationDate>
    <updateDate>2014-03-19T04:57:37.241-07:00</updateDate>
    <folder>Multiple_Ahv</folder>
    <resource>Ad_Hoc_View_All_filters_Report</resource>
    <resource>Ad_Hoc_View_filters_with_default_Report</resource>
    <resource>Change_Visualization1</resource>
    <resource>Change_Visualization2</resource>
    <resource>Change_Visualization2_backup</resource>
    <resource>Change_Visualization3</resource>
    <resource>Chart1</resource>
    <resource>Chart2</resource>
    <resource>Chart3</resource>
    <resource>Chart4</resource>
    <resource>Chart5</resource>
    <resource>Chart6</resource>
    <resource>crosstab</resource>
    <resource>Crosstab1</resource>
    <resource>Crosstab1_1</resource>
    <resource>Crosstab1_backup</resource>
    <resource>Crosstab2</resource>
    <resource>Crosstab2_backup</resource>
    <resource>Crosstab3</resource>
    <resource>crosstabReport</resource>
    <resource>OLAP_Crosstab</resource>
    <resource>OLAP_Crosstab_Report</resource>
    <resource>Product_Sales1</resource>
    <resource>Product_Sales2</resource>
    <resource>Sales__Cost_and_Profit</resource>
    <resource>Sales_Cost_Profit</resource>
    <resource>shipping_charge_by_country</resource>
    <resource>shipping_charge_by_country_and_city</resource>
    <resource>Store_Cost4</resource>
    <resource>Store_Performance</resource>
    <resource>Store_Sales1</resource>
    <resource>Store_Sales2</resource>
    <resource>Store_Sales3</resource>
    <resource>Store_Sales4</resource>
    <resource>Table1</resource>
    <resource>Table2</resource>
    <resource>Table3</resource>
    <resource>Table4</resource>
    <resource>test_column_size1</resource>
    <resource>test_column_size2</resource>
    <resource>Репорт</resource>
    <resource>Репорт_Report</resource>
</folder>
