<?xml version="1.0" encoding="UTF-8"?>
<reportUnit exportedWithPermissions="true">
    <folder>/public/viz/Adhoc</folder>
    <name>Ad_Hoc_View_filters_with_default_Report</name>
    <version>0</version>
    <label>Ad Hoc View filters with default Report</label>
    <description></description>
    <creationDate>2018-03-21T16:21:26.568-07:00</creationDate>
    <updateDate>2014-11-13T00:24:24.903-08:00</updateDate>
    <mainReport>
        <localResource
            xmlns:xsi="http://www.w3.org/2001/XMLSchema-instance"
            exportedWithPermissions="false"
            dataFile="mainReportJrxml.data" xsi:type="fileResource">
            <folder>/public/viz/Adhoc/Ad_Hoc_View_filters_with_default_Report_files</folder>
            <name>mainReportJrxml</name>
            <version>0</version>
            <label>mainReportJrxml</label>
            <creationDate>2018-03-21T16:21:26.568-07:00</creationDate>
            <updateDate>2016-11-30T06:49:59.244-08:00</updateDate>
            <fileType>jrxml</fileType>
        </localResource>
    </mainReport>
    <dataSource>
        <uri>/public/Visualize/Adhoc/Ad_Hoc_View_filters_with_default</uri>
    </dataSource>
    <resource>
        <localResource
            xmlns:xsi="http://www.w3.org/2001/XMLSchema-instance"
            exportedWithPermissions="false" dataFile="stateXML.data" xsi:type="fileResource">
            <folder>/public/viz/Adhoc/Ad_Hoc_View_filters_with_default_Report_files</folder>
            <name>stateXML</name>
            <version>0</version>
            <label>stateXML</label>
            <creationDate>2018-03-21T16:21:26.568-07:00</creationDate>
            <updateDate>2016-11-30T06:49:59.244-08:00</updateDate>
            <fileType>xml</fileType>
        </localResource>
    </resource>
    <alwaysPromptControls>true</alwaysPromptControls>
    <controlsLayout>1</controlsLayout>
</reportUnit>
