<?xml version="1.0" encoding="UTF-8"?>
<adhocDataView exportedWithPermissions="true">
    <folder>/public/viz/Adhoc</folder>
    <name>Chart2</name>
    <version>0</version>
    <label>Chart2</label>
    <description></description>
    <creationDate>2018-03-21T16:21:26.898-07:00</creationDate>
    <updateDate>2018-02-26T22:35:45.681-08:00</updateDate>
    <dataSource>
        <uri>/public/Samples/Domains/supermartDomain</uri>
    </dataSource>
    <inputControl>
        <localResource
            xmlns:xsi="http://www.w3.org/2001/XMLSchema-instance"
            exportedWithPermissions="false" xsi:type="inputControl">
            <folder>/public/viz/Adhoc/Chart2_files</folder>
            <name>sales_fact_ALL__store_sales_2013_1</name>
            <version>0</version>
            <label>$R{supermart.sales_fact_2013.store_sales.label} is greater than</label>
            <creationDate>2018-03-21T16:21:26.898-07:00</creationDate>
            <updateDate>2018-02-26T22:35:45.681-08:00</updateDate>
            <type>2</type>
            <mandatory>false</mandatory>
            <readOnly>false</readOnly>
            <visible>true</visible>
            <dataType>
                <localResource exportedWithPermissions="false" xsi:type="dataType">
                    <folder>/public/viz/Adhoc/Chart2_files/sales_fact_ALL__store_sales_2013_1_files</folder>
                    <name>number</name>
                    <version>0</version>
                    <label>Number</label>
                    <creationDate>2018-03-21T16:21:26.898-07:00</creationDate>
                    <updateDate>2018-02-26T22:35:45.681-08:00</updateDate>
                    <type>2</type>
                    <strictMin>false</strictMin>
                    <strictMax>false</strictMax>
                </localResource>
            </dataType>
        </localResource>
    </inputControl>
    <inputControl>
        <localResource
            xmlns:xsi="http://www.w3.org/2001/XMLSchema-instance"
            exportedWithPermissions="false" xsi:type="inputControl">
            <folder>/public/viz/Adhoc/Chart2_files</folder>
            <name>sales__store__store_type_1</name>
            <version>0</version>
            <label>$R{supermart.store.store_type.label}</label>
            <creationDate>2018-03-21T16:21:26.898-07:00</creationDate>
            <updateDate>2018-02-26T22:35:45.681-08:00</updateDate>
            <type>7</type>
            <mandatory>false</mandatory>
            <readOnly>false</readOnly>
            <visible>true</visible>
            <query>
                <localResource exportedWithPermissions="false" xsi:type="query">
                    <folder>/public/viz/Adhoc/Chart2_files/sales__store__store_type_1_files</folder>
                    <name>sales__store__store_type_1</name>
                    <version>0</version>
                    <label>$R{supermart.store.store_type.label}</label>
                    <creationDate>2018-03-21T16:21:26.898-07:00</creationDate>
                    <updateDate>2018-02-26T22:35:45.681-08:00</updateDate>
                    <language>domain</language>
                    <queryString>&lt;?xml version="1.0" encoding="UTF-8"?&gt;
&lt;query xmlns="http://www.jaspersoft.com/2007/SL/XMLSchema"&gt;
  &lt;groupList&gt;
    &lt;group columnName="sales_fact_ALL.sales__store.sales__store__store_type" /&gt;
  &lt;/groupList&gt;
  &lt;queryFields&gt;
    &lt;queryField id="sales_fact_ALL.sales__store.sales__store__store_type" /&gt;
    &lt;queryField id="store1.store_type" /&gt;
  &lt;/queryFields&gt;
&lt;/query&gt;

</queryString>
                    <dataSource>
                        <uri>/public/Samples/Domains/supermartDomain</uri>
                    </dataSource>
                </localResource>
            </query>
            <queryVisibleColumn>sales_fact_ALL.sales__store.sales__store__store_type</queryVisibleColumn>
            <queryValueColumn>sales_fact_ALL.sales__store.sales__store__store_type</queryValueColumn>
        </localResource>
    </inputControl>
    <inputControl>
        <localResource
            xmlns:xsi="http://www.w3.org/2001/XMLSchema-instance"
            exportedWithPermissions="false" xsi:type="inputControl">
            <folder>/public/viz/Adhoc/Chart2_files</folder>
            <name>sales__product__brand_name_1</name>
            <version>0</version>
            <label>$R{supermart.product.brand_name.label}</label>
            <creationDate>2018-03-21T16:21:26.898-07:00</creationDate>
            <updateDate>2018-02-26T22:35:45.681-08:00</updateDate>
            <type>7</type>
            <mandatory>false</mandatory>
            <readOnly>false</readOnly>
            <visible>true</visible>
            <query>
                <localResource exportedWithPermissions="false" xsi:type="query">
                    <folder>/public/viz/Adhoc/Chart2_files/sales__product__brand_name_1_files</folder>
                    <name>sales__product__brand_name_1</name>
                    <version>0</version>
                    <label>$R{supermart.product.brand_name.label}</label>
                    <creationDate>2018-03-21T16:21:26.898-07:00</creationDate>
                    <updateDate>2018-02-26T22:35:45.681-08:00</updateDate>
                    <language>domain</language>
                    <queryString>&lt;?xml version="1.0" encoding="UTF-8"?&gt;
&lt;query xmlns="http://www.jaspersoft.com/2007/SL/XMLSchema"&gt;
  &lt;groupList&gt;
    &lt;group columnName="sales_fact_ALL.sales__product.sales__product__brand_name" /&gt;
  &lt;/groupList&gt;
  &lt;queryFields&gt;
    &lt;queryField id="sales_fact_ALL.sales__product.sales__product__brand_name" /&gt;
    &lt;queryField id="product1.brand_name" /&gt;
  &lt;/queryFields&gt;
&lt;/query&gt;

</queryString>
                    <dataSource>
                        <uri>/public/Samples/Domains/supermartDomain</uri>
                    </dataSource>
                </localResource>
            </query>
            <queryVisibleColumn>sales_fact_ALL.sales__product.sales__product__brand_name</queryVisibleColumn>
            <queryValueColumn>sales_fact_ALL.sales__product.sales__product__brand_name</queryValueColumn>
        </localResource>
    </inputControl>
    <resource>
        <localResource
            xmlns:xsi="http://www.w3.org/2001/XMLSchema-instance"
            exportedWithPermissions="false"
            dataFile="supermart_domain.properties.data" xsi:type="fileResource">
            <folder>/public/viz/Adhoc/Chart2_files</folder>
            <name>supermart_domain.properties</name>
            <version>0</version>
            <label>bundle</label>
            <description>bundle</description>
            <creationDate>2018-03-21T16:21:26.898-07:00</creationDate>
            <updateDate>2018-02-26T22:11:43.964-08:00</updateDate>
            <fileType>prop</fileType>
        </localResource>
    </resource>
    <resource>
        <localResource
            xmlns:xsi="http://www.w3.org/2001/XMLSchema-instance"
            exportedWithPermissions="false"
            dataFile="supermart_domain_es.properties.data" xsi:type="fileResource">
            <folder>/public/viz/Adhoc/Chart2_files</folder>
            <name>supermart_domain_es.properties</name>
            <version>0</version>
            <label>bundle</label>
            <description>bundle</description>
            <creationDate>2018-03-21T16:21:26.898-07:00</creationDate>
            <updateDate>2018-02-26T22:11:43.964-08:00</updateDate>
            <fileType>prop</fileType>
        </localResource>
    </resource>
    <resource>
        <localResource
            xmlns:xsi="http://www.w3.org/2001/XMLSchema-instance"
            exportedWithPermissions="false"
            dataFile="supermart_domain_fr.properties.data" xsi:type="fileResource">
            <folder>/public/viz/Adhoc/Chart2_files</folder>
            <name>supermart_domain_fr.properties</name>
            <version>0</version>
            <label>bundle</label>
            <description>bundle</description>
            <creationDate>2018-03-21T16:21:26.898-07:00</creationDate>
            <updateDate>2018-02-26T22:11:43.964-08:00</updateDate>
            <fileType>prop</fileType>
        </localResource>
    </resource>
    <resource>
        <localResource
            xmlns:xsi="http://www.w3.org/2001/XMLSchema-instance"
            exportedWithPermissions="false"
            dataFile="supermart_domain_ja.properties.data" xsi:type="fileResource">
            <folder>/public/viz/Adhoc/Chart2_files</folder>
            <name>supermart_domain_ja.properties</name>
            <version>0</version>
            <label>bundle</label>
            <description>bundle</description>
            <creationDate>2018-03-21T16:21:26.898-07:00</creationDate>
            <updateDate>2018-02-26T22:11:43.964-08:00</updateDate>
            <fileType>prop</fileType>
        </localResource>
    </resource>
    <resource>
        <localResource
            xmlns:xsi="http://www.w3.org/2001/XMLSchema-instance"
            exportedWithPermissions="false"
            dataFile="supermart_domain_zh_CN.properties.data" xsi:type="fileResource">
            <folder>/public/viz/Adhoc/Chart2_files</folder>
            <name>supermart_domain_zh_CN.properties</name>
            <version>0</version>
            <label>bundle</label>
            <description>bundle</description>
            <creationDate>2018-03-21T16:21:26.898-07:00</creationDate>
            <updateDate>2018-02-26T22:11:43.964-08:00</updateDate>
            <fileType>prop</fileType>
        </localResource>
    </resource>
    <resource>
        <localResource
            xmlns:xsi="http://www.w3.org/2001/XMLSchema-instance"
            exportedWithPermissions="false"
            dataFile="supermart_domain_de.properties.data" xsi:type="fileResource">
            <folder>/public/viz/Adhoc/Chart2_files</folder>
            <name>supermart_domain_de.properties</name>
            <version>0</version>
            <label>bundle</label>
            <description>bundle</description>
            <creationDate>2018-03-21T16:21:26.898-07:00</creationDate>
            <updateDate>2018-02-26T22:11:43.964-08:00</updateDate>
            <fileType>prop</fileType>
        </localResource>
    </resource>
    <resource>
        <localResource
            xmlns:xsi="http://www.w3.org/2001/XMLSchema-instance"
            exportedWithPermissions="false"
            dataFile="supermart_domain_en.properties.data" xsi:type="fileResource">
            <folder>/public/viz/Adhoc/Chart2_files</folder>
            <name>supermart_domain_en.properties</name>
            <version>0</version>
            <label>bundle</label>
            <description>bundle</description>
            <creationDate>2018-03-21T16:21:26.898-07:00</creationDate>
            <updateDate>2018-02-26T22:11:43.964-08:00</updateDate>
            <fileType>prop</fileType>
        </localResource>
    </resource>
    <resource>
        <localResource
            xmlns:xsi="http://www.w3.org/2001/XMLSchema-instance"
            exportedWithPermissions="false" dataFile="topicJRXML.data" xsi:type="fileResource">
            <folder>/public/viz/Adhoc/Chart2_files</folder>
            <name>topicJRXML</name>
            <version>0</version>
            <label>topicJRXML</label>
            <creationDate>2018-03-21T16:21:26.898-07:00</creationDate>
            <updateDate>2018-02-26T22:11:43.964-08:00</updateDate>
            <fileType>jrxml</fileType>
        </localResource>
    </resource>
    <resource>
        <localResource
            xmlns:xsi="http://www.w3.org/2001/XMLSchema-instance"
            exportedWithPermissions="false" dataFile="stateXML.data" xsi:type="fileResource">
            <folder>/public/viz/Adhoc/Chart2_files</folder>
            <name>stateXML</name>
            <version>0</version>
            <label>stateXML</label>
            <creationDate>2018-03-21T16:21:26.898-07:00</creationDate>
            <updateDate>2018-02-26T22:11:43.964-08:00</updateDate>
            <fileType>xml</fileType>
        </localResource>
    </resource>
    <alwaysPromptControls>false</alwaysPromptControls>
    <controlsLayout>1</controlsLayout>
</adhocDataView>
