<?xml version="1.0" encoding="UTF-8"?>
<adhocDataView exportedWithPermissions="true">
    <folder>/public/viz/Adhoc</folder>
    <name>Sales__Cost_and_Profit</name>
    <version>0</version>
    <label>Sales, Cost and Profit</label>
    <description></description>
    <creationDate>2018-04-25T12:48:28.758-07:00</creationDate>
    <updateDate>2018-04-25T12:48:28.758-07:00</updateDate>
    <dataSource>
        <uri>/public/Samples/FreshCoffee/Domains/freshcoffee_salesTable</uri>
    </dataSource>
    <inputControl>
        <localResource
            xmlns:xsi="http://www.w3.org/2001/XMLSchema-instance"
            exportedWithPermissions="false" xsi:type="inputControl">
            <folder>/public/viz/Adhoc/Sales__Cost_and_Profit_files</folder>
            <name>location_1</name>
            <version>0</version>
            <label>Location</label>
            <creationDate>2018-04-25T12:48:28.758-07:00</creationDate>
            <updateDate>2018-04-25T12:48:28.758-07:00</updateDate>
            <type>7</type>
            <mandatory>false</mandatory>
            <readOnly>false</readOnly>
            <visible>true</visible>
            <query>
                <localResource exportedWithPermissions="false" xsi:type="query">
                    <folder>/public/viz/Adhoc/Sales__Cost_and_Profit_files/location_1_files</folder>
                    <name>location_1</name>
                    <version>0</version>
                    <label>Location</label>
                    <creationDate>2018-04-25T12:48:28.758-07:00</creationDate>
                    <updateDate>2018-04-25T12:48:28.758-07:00</updateDate>
                    <language>domain</language>
                    <queryString>&lt;?xml version="1.0" encoding="UTF-8"?&gt;
&lt;query xmlns="http://www.jaspersoft.com/2007/SL/XMLSchema"&gt;
  &lt;groupList&gt;
    &lt;group columnName="public_sales.location" /&gt;
  &lt;/groupList&gt;
  &lt;queryFields&gt;
    &lt;queryField id="public_sales.location" /&gt;
    &lt;queryField id="location" /&gt;
  &lt;/queryFields&gt;
&lt;/query&gt;

</queryString>
                    <dataSource>
                        <uri>/public/Samples/FreshCoffee/Domains/freshcoffee_salesTable</uri>
                    </dataSource>
                </localResource>
            </query>
            <queryVisibleColumn>public_sales.location</queryVisibleColumn>
            <queryValueColumn>public_sales.location</queryValueColumn>
        </localResource>
    </inputControl>
    <inputControl>
        <localResource
            xmlns:xsi="http://www.w3.org/2001/XMLSchema-instance"
            exportedWithPermissions="false" xsi:type="inputControl">
            <folder>/public/viz/Adhoc/Sales__Cost_and_Profit_files</folder>
            <name>date_by_month_1</name>
            <version>0</version>
            <label>Date between</label>
            <creationDate>2018-04-25T12:48:28.758-07:00</creationDate>
            <updateDate>2018-04-25T12:48:28.758-07:00</updateDate>
            <type>2</type>
            <mandatory>false</mandatory>
            <readOnly>false</readOnly>
            <visible>true</visible>
            <dataType>
                <localResource exportedWithPermissions="false" xsi:type="dataType">
                    <folder>/public/viz/Adhoc/Sales__Cost_and_Profit_files/date_by_month_1_files</folder>
                    <name>date</name>
                    <version>0</version>
                    <label>Date</label>
                    <creationDate>2018-04-25T12:48:28.758-07:00</creationDate>
                    <updateDate>2018-04-25T12:48:28.758-07:00</updateDate>
                    <type>3</type>
                    <strictMin>false</strictMin>
                    <strictMax>false</strictMax>
                </localResource>
            </dataType>
        </localResource>
    </inputControl>
    <inputControl>
        <localResource
            xmlns:xsi="http://www.w3.org/2001/XMLSchema-instance"
            exportedWithPermissions="false" xsi:type="inputControl">
            <folder>/public/viz/Adhoc/Sales__Cost_and_Profit_files</folder>
            <name>date_by_month_2</name>
            <version>0</version>
            <label>and</label>
            <creationDate>2018-04-25T12:48:28.758-07:00</creationDate>
            <updateDate>2018-04-25T12:48:28.758-07:00</updateDate>
            <type>2</type>
            <mandatory>false</mandatory>
            <readOnly>false</readOnly>
            <visible>true</visible>
            <dataType>
                <localResource exportedWithPermissions="false" xsi:type="dataType">
                    <folder>/public/viz/Adhoc/Sales__Cost_and_Profit_files/date_by_month_2_files</folder>
                    <name>date</name>
                    <version>0</version>
                    <label>Date</label>
                    <creationDate>2018-04-25T12:48:28.758-07:00</creationDate>
                    <updateDate>2018-04-25T12:48:28.758-07:00</updateDate>
                    <type>3</type>
                    <strictMin>false</strictMin>
                    <strictMax>false</strictMax>
                </localResource>
            </dataType>
        </localResource>
    </inputControl>
    <resource>
        <localResource
            xmlns:xsi="http://www.w3.org/2001/XMLSchema-instance"
            exportedWithPermissions="false" dataFile="topicJRXML.data" xsi:type="fileResource">
            <folder>/public/viz/Adhoc/Sales__Cost_and_Profit_files</folder>
            <name>topicJRXML</name>
            <version>0</version>
            <label>topicJRXML</label>
            <creationDate>2018-04-25T12:48:28.758-07:00</creationDate>
            <updateDate>2018-04-25T12:48:28.758-07:00</updateDate>
            <fileType>jrxml</fileType>
        </localResource>
    </resource>
    <resource>
        <localResource
            xmlns:xsi="http://www.w3.org/2001/XMLSchema-instance"
            exportedWithPermissions="false" dataFile="stateXML.data" xsi:type="fileResource">
            <folder>/public/viz/Adhoc/Sales__Cost_and_Profit_files</folder>
            <name>stateXML</name>
            <version>0</version>
            <label>stateXML</label>
            <creationDate>2018-04-25T12:48:28.758-07:00</creationDate>
            <updateDate>2018-04-25T12:48:28.758-07:00</updateDate>
            <fileType>xml</fileType>
        </localResource>
    </resource>
    <alwaysPromptControls>false</alwaysPromptControls>
    <controlsLayout>1</controlsLayout>
</adhocDataView>
