<?xml version="1.0" encoding="UTF-8"?>
<adhocDataView exportedWithPermissions="true">
    <folder>/public/viz/Adhoc</folder>
    <name>Store_Sales2</name>
    <version>0</version>
    <label>Store Sales2</label>
    <description></description>
    <creationDate>2018-03-21T16:21:27.929-07:00</creationDate>
    <updateDate>2018-03-13T22:15:25.140-07:00</updateDate>
    <dataSource>
        <uri>/public/Samples/Domains/supermartDomain</uri>
    </dataSource>
    <resource>
        <localResource
            xmlns:xsi="http://www.w3.org/2001/XMLSchema-instance"
            exportedWithPermissions="false"
            dataFile="supermart_domain.properties.data" xsi:type="fileResource">
            <folder>/public/viz/Adhoc/Store_Sales2_files</folder>
            <name>supermart_domain.properties</name>
            <version>0</version>
            <label>bundle</label>
            <description>bundle</description>
            <creationDate>2018-03-21T16:21:27.929-07:00</creationDate>
            <updateDate>2018-03-13T22:15:25.140-07:00</updateDate>
            <fileType>prop</fileType>
        </localResource>
    </resource>
    <resource>
        <localResource
            xmlns:xsi="http://www.w3.org/2001/XMLSchema-instance"
            exportedWithPermissions="false"
            dataFile="supermart_domain_es.properties.data" xsi:type="fileResource">
            <folder>/public/viz/Adhoc/Store_Sales2_files</folder>
            <name>supermart_domain_es.properties</name>
            <version>0</version>
            <label>bundle</label>
            <description>bundle</description>
            <creationDate>2018-03-21T16:21:27.929-07:00</creationDate>
            <updateDate>2018-03-13T22:15:25.140-07:00</updateDate>
            <fileType>prop</fileType>
        </localResource>
    </resource>
    <resource>
        <localResource
            xmlns:xsi="http://www.w3.org/2001/XMLSchema-instance"
            exportedWithPermissions="false"
            dataFile="supermart_domain_fr.properties.data" xsi:type="fileResource">
            <folder>/public/viz/Adhoc/Store_Sales2_files</folder>
            <name>supermart_domain_fr.properties</name>
            <version>0</version>
            <label>bundle</label>
            <description>bundle</description>
            <creationDate>2018-03-21T16:21:27.929-07:00</creationDate>
            <updateDate>2018-03-13T22:15:25.140-07:00</updateDate>
            <fileType>prop</fileType>
        </localResource>
    </resource>
    <resource>
        <localResource
            xmlns:xsi="http://www.w3.org/2001/XMLSchema-instance"
            exportedWithPermissions="false"
            dataFile="supermart_domain_ja.properties.data" xsi:type="fileResource">
            <folder>/public/viz/Adhoc/Store_Sales2_files</folder>
            <name>supermart_domain_ja.properties</name>
            <version>0</version>
            <label>bundle</label>
            <description>bundle</description>
            <creationDate>2018-03-21T16:21:27.929-07:00</creationDate>
            <updateDate>2018-03-13T22:15:25.140-07:00</updateDate>
            <fileType>prop</fileType>
        </localResource>
    </resource>
    <resource>
        <localResource
            xmlns:xsi="http://www.w3.org/2001/XMLSchema-instance"
            exportedWithPermissions="false"
            dataFile="supermart_domain_zh_CN.properties.data" xsi:type="fileResource">
            <folder>/public/viz/Adhoc/Store_Sales2_files</folder>
            <name>supermart_domain_zh_CN.properties</name>
            <version>0</version>
            <label>bundle</label>
            <description>bundle</description>
            <creationDate>2018-03-21T16:21:27.929-07:00</creationDate>
            <updateDate>2018-03-13T22:15:25.140-07:00</updateDate>
            <fileType>prop</fileType>
        </localResource>
    </resource>
    <resource>
        <localResource
            xmlns:xsi="http://www.w3.org/2001/XMLSchema-instance"
            exportedWithPermissions="false"
            dataFile="supermart_domain_de.properties.data" xsi:type="fileResource">
            <folder>/public/viz/Adhoc/Store_Sales2_files</folder>
            <name>supermart_domain_de.properties</name>
            <version>0</version>
            <label>bundle</label>
            <description>bundle</description>
            <creationDate>2018-03-21T16:21:27.929-07:00</creationDate>
            <updateDate>2018-03-13T22:15:25.140-07:00</updateDate>
            <fileType>prop</fileType>
        </localResource>
    </resource>
    <resource>
        <localResource
            xmlns:xsi="http://www.w3.org/2001/XMLSchema-instance"
            exportedWithPermissions="false"
            dataFile="supermart_domain_en.properties.data" xsi:type="fileResource">
            <folder>/public/viz/Adhoc/Store_Sales2_files</folder>
            <name>supermart_domain_en.properties</name>
            <version>0</version>
            <label>bundle</label>
            <description>bundle</description>
            <creationDate>2018-03-21T16:21:27.929-07:00</creationDate>
            <updateDate>2018-03-13T22:15:25.140-07:00</updateDate>
            <fileType>prop</fileType>
        </localResource>
    </resource>
    <resource>
        <localResource
            xmlns:xsi="http://www.w3.org/2001/XMLSchema-instance"
            exportedWithPermissions="false" dataFile="topicJRXML.data" xsi:type="fileResource">
            <folder>/public/viz/Adhoc/Store_Sales2_files</folder>
            <name>topicJRXML</name>
            <version>0</version>
            <label>topicJRXML</label>
            <creationDate>2018-03-21T16:21:27.929-07:00</creationDate>
            <updateDate>2018-03-13T22:15:25.140-07:00</updateDate>
            <fileType>jrxml</fileType>
        </localResource>
    </resource>
    <resource>
        <localResource
            xmlns:xsi="http://www.w3.org/2001/XMLSchema-instance"
            exportedWithPermissions="false" dataFile="stateXML.data" xsi:type="fileResource">
            <folder>/public/viz/Adhoc/Store_Sales2_files</folder>
            <name>stateXML</name>
            <version>0</version>
            <label>stateXML</label>
            <creationDate>2018-03-21T16:21:27.929-07:00</creationDate>
            <updateDate>2018-03-13T22:15:25.140-07:00</updateDate>
            <fileType>xml</fileType>
        </localResource>
    </resource>
    <alwaysPromptControls>false</alwaysPromptControls>
    <controlsLayout>1</controlsLayout>
</adhocDataView>
