<?xml version="1.0" encoding="UTF-8"?>
<jdbcDataSource exportedWithPermissions="false"><folder>/public/Samples/Data_Sources</folder><name>FoodmartDataSource</name><version>3</version><label>Foodmart Data Source</label><description>Foodmart Data Source</description><creationDate>2014-11-12T18:20:08.638+02:00</creationDate><updateDate>2014-05-12T16:55:01.797+03:00</updateDate><driver>org.postgresql.Driver</driver><connectionUrl>jdbc:postgresql://127.0.01:5432/foodmart_branch</connectionUrl><connectionUser>postgres</connectionUser><connectionPassword>ENC&lt;B7C77EB9023F241CECD504AD17BE454D&gt;</connectionPassword><timezone></timezone></jdbcDataSource>