<?xml version="1.0" encoding="UTF-8"?>
<inputControl exportedWithPermissions="true">
    <folder>/public/viz/Hyperlinks/ReportExecutionType/IinputControls</folder>
    <name>country</name>
    <version>0</version>
    <label>country</label>
    <creationDate>2018-03-21T16:21:29.803-07:00</creationDate>
    <updateDate>2015-01-26T18:11:12.867-08:00</updateDate>
    <type>7</type>
    <mandatory>false</mandatory>
    <readOnly>false</readOnly>
    <visible>true</visible>
    <query>
        <localResource
            xmlns:xsi="http://www.w3.org/2001/XMLSchema-instance"
            exportedWithPermissions="false" xsi:type="query">
            <folder>/public/viz/Hyperlinks/ReportExecutionType/IinputControls/country_files</folder>
            <name>country_query</name>
            <version>0</version>
            <label>country_query</label>
            <creationDate>2018-03-21T16:21:29.803-07:00</creationDate>
            <updateDate>2015-01-26T18:11:12.867-08:00</updateDate>
            <language>sql</language>
            <queryString>select distinct(billing_address_country) from accounts order by billing_address_country</queryString>
            <dataSource>
                <uri>/organizations/organization_1/analysis/datasources/SugarCRMDataSourceJNDI</uri>
            </dataSource>
        </localResource>
    </query>
    <queryVisibleColumn>billing_address_country</queryVisibleColumn>
    <queryValueColumn>billing_address_country</queryValueColumn>
</inputControl>
