<?xml version="1.0" encoding="UTF-8"?>
<inputControl exportedWithPermissions="true">
    <folder>/public/viz/Hyperlinks/ReportExecutionType/IinputControls</folder>
    <name>state</name>
    <version>0</version>
    <label>state</label>
    <creationDate>2018-03-21T16:21:29.830-07:00</creationDate>
    <updateDate>2015-01-26T18:11:12.935-08:00</updateDate>
    <type>7</type>
    <mandatory>false</mandatory>
    <readOnly>false</readOnly>
    <visible>true</visible>
    <query>
        <localResource
            xmlns:xsi="http://www.w3.org/2001/XMLSchema-instance"
            exportedWithPermissions="false" xsi:type="query">
            <folder>/public/viz/Hyperlinks/ReportExecutionType/IinputControls/state_files</folder>
            <name>Query</name>
            <version>0</version>
            <label>Query</label>
            <creationDate>2018-03-21T16:21:29.830-07:00</creationDate>
            <updateDate>2015-01-26T18:11:12.935-08:00</updateDate>
            <language>sql</language>
            <queryString>select billing_address_state, billing_address_country from accounts where $X{IN, billing_address_country, country} order by billing_address_country, billing_address_state</queryString>
            <dataSource>
                <uri>/organizations/organization_1/analysis/datasources/SugarCRMDataSourceJNDI</uri>
            </dataSource>
        </localResource>
    </query>
    <queryVisibleColumn>billing_address_country</queryVisibleColumn>
    <queryVisibleColumn>billing_address_state</queryVisibleColumn>
    <queryValueColumn>billing_address_state</queryValueColumn>
</inputControl>
