<?xml version="1.0" encoding="UTF-8"?>
<inputControl exportedWithPermissions="false"><folder>/public/Samples/Resources/Input_Controls</folder><name>customerId</name><version>3</version><label>Customer Name ID Input Control</label><description>Uses CustomerNameIdQuery. Maps to customerId parameter.</description><creationDate>2014-11-12T18:20:10.065+02:00</creationDate><updateDate>2012-10-17T12:52:10.868+03:00</updateDate><type>4</type><mandatory>false</mandatory><readOnly>false</readOnly><visible>true</visible><query><uri>/public/Samples/Resources/Input_Controls/CustomerNameIdQuery</uri></query><queryVisibleColumn>lname</queryVisibleColumn><queryVisibleColumn>fname</queryVisibleColumn><queryVisibleColumn>customer_id</queryVisibleColumn><queryValueColumn>customer_id</queryValueColumn></inputControl>