<?xml version="1.0" encoding="UTF-8"?>
<query exportedWithPermissions="false"><folder>/public/Samples/Resources/Input_Controls</folder><name>CustomerNameIdQuery</name><version>3</version><label>Customer Name Id Query</label><description>Retrieves Lname | Fname | Id. Note inner join, hard coded table names.</description><creationDate>2014-11-12T18:20:10.026+02:00</creationDate><updateDate>2012-07-03T22:59:35.224+03:00</updateDate><language>sql</language><queryString>SELECT DISTINCT customer.lname, customer.fname, customer.customer_id FROM sales_fact_1997 sales_fact_1997 INNER JOIN customer customer ON sales_fact_1997.customer_id = customer.customer_id ORDER BY customer.lname ASC, customer.fname ASC</queryString></query>