<?xml version="1.0" encoding="UTF-8"?>
<inputControl exportedWithPermissions="false"><folder>/public/Samples/Resources/Input_Controls</folder><name>ProductFamily</name><version>3</version><label>ProductFamily</label><description>Product Family Multi-Select</description><creationDate>2014-11-12T18:20:08.720+02:00</creationDate><updateDate>2012-10-22T16:13:32.503+03:00</updateDate><type>6</type><mandatory>true</mandatory><readOnly>false</readOnly><visible>true</visible><listOfValues><uri>/public/Samples/Resources/Input_Controls/ProductFamilyList</uri></listOfValues></inputControl>